policy,episode,n_seeds,mean_accuracy,std_accuracy,mean_gsm8k_accuracy,std_gsm8k_accuracy,mean_forgetting_pp,std_forgetting_pp,mean_gsm8k_drop_vs_base_pp,std_gsm8k_drop_vs_base_pp,mean_target_delta_vs_base_pp,std_target_delta_vs_base_pp
base,0,3,0.78125,0.0,0.5078125,0.013531646934131853,0.0,0.0,0.0,0.0,0.0,0.0
base,20,3,0.78125,0.0,0.5078125,0.013531646934131853,0.0,0.0,0.0,0.0,0.0,0.0
base,40,3,0.78125,0.0,0.5078125,0.013531646934131853,0.0,0.0,0.0,0.0,0.0,0.0
base,60,3,0.78125,0.0,0.5078125,0.013531646934131853,0.0,0.0,0.0,0.0,0.0,0.0
base,80,3,0.78125,0.0,0.5078125,0.013531646934131853,0.0,0.0,0.0,0.0,0.0,0.0
router,0,3,0.78125,0.0,0.515625,0.0,0.0,0.0,-0.78125,1.3531646934131853,0.0,0.0
router,20,3,0.7786458333333334,0.004510548978043951,0.5078125,0.020669932117692115,0.78125,2.0669932117692116,0.0,2.8168369339562416,-0.2604166666666667,0.4510548978043951
router,40,3,0.7786458333333334,0.004510548978043951,0.5052083333333334,0.027436598314720676,1.0416666666666667,2.7436598314720673,0.2604166666666667,3.157384284630766,-0.2604166666666667,0.4510548978043951
router,60,3,0.7786458333333334,0.004510548978043951,0.5078125,0.0078125,0.78125,0.78125,0.0,1.5625,-0.2604166666666667,0.4510548978043951
router,80,3,0.7786458333333334,0.004510548978043951,0.4947916666666667,0.01626301562082916,2.0833333333333335,1.6263015620829162,1.3020833333333333,2.7436598314720673,-0.2604166666666667,0.4510548978043951
random,0,3,0.78125,0.0,0.515625,0.0,0.0,0.0,-0.78125,1.3531646934131853,0.0,0.0
random,20,3,0.7760416666666666,0.009021097956087902,0.4947916666666667,0.0369204345800985,2.0833333333333335,3.6920434580098505,1.3020833333333333,4.302789490067267,-0.5208333333333334,0.9021097956087902
random,40,3,0.7838541666666666,0.004510548978043951,0.5130208333333334,0.02255274489021976,0.2604166666666667,2.2552744890219754,-0.5208333333333334,3.608439182435161,0.2604166666666667,0.4510548978043951
random,60,3,0.78125,0.0078125,0.4973958333333333,0.011933790872280834,1.8229166666666667,1.1933790872280834,1.0416666666666667,1.9661027175184245,0.0,0.78125
random,80,3,0.78125,0.0,0.4739583333333333,0.023867581744561668,4.166666666666667,2.386758174456167,3.3854166666666665,1.6263015620829162,0.0,0.0
all,0,3,0.78125,0.0,0.515625,0.0,0.0,0.0,-0.78125,1.3531646934131853,0.0,0.0
all,20,3,0.7786458333333334,0.004510548978043951,0.5026041666666666,0.011933790872280834,1.3020833333333333,1.1933790872280834,0.5208333333333334,0.9021097956087902,-0.2604166666666667,0.4510548978043951
all,40,3,0.7760416666666666,0.009021097956087902,0.5,0.046875,1.5625,4.6875,0.78125,5.898308152555273,-0.5208333333333334,0.9021097956087902
all,60,3,0.7786458333333334,0.011933790872280834,0.5182291666666666,0.018042195912175804,-0.2604166666666667,1.8042195912175805,-1.0416666666666667,3.157384284630766,-0.2604166666666667,1.1933790872280834
all,80,3,0.7734375,0.0078125,0.5130208333333334,0.029577647634376425,0.2604166666666667,2.9577647634376425,-0.5208333333333334,2.7436598314720673,-0.78125,0.78125
pdq,0,3,0.7760416666666666,0.004510548978043951,0.4479166666666667,0.050227347713504976,0.0,0.0,5.989583333333333,3.6920434580098505,-0.5208333333333334,0.4510548978043951
pdq,20,3,0.7760416666666666,0.004510548978043951,0.4479166666666667,0.050227347713504976,0.0,0.0,5.989583333333333,3.6920434580098505,-0.5208333333333334,0.4510548978043951
pdq,40,3,0.7760416666666666,0.004510548978043951,0.4479166666666667,0.050227347713504976,0.0,0.0,5.989583333333333,3.6920434580098505,-0.5208333333333334,0.4510548978043951
pdq,60,3,0.7760416666666666,0.004510548978043951,0.4479166666666667,0.050227347713504976,0.0,0.0,5.989583333333333,3.6920434580098505,-0.5208333333333334,0.4510548978043951
pdq,80,3,0.7760416666666666,0.004510548978043951,0.4479166666666667,0.050227347713504976,0.0,0.0,5.989583333333333,3.6920434580098505,-0.5208333333333334,0.4510548978043951
router_top2,0,3,0.78125,0.0,0.515625,0.0,0.0,0.0,-0.78125,1.3531646934131853,0.0,0.0
router_top2,20,3,0.7786458333333334,0.004510548978043951,0.5104166666666666,0.004510548978043951,0.5208333333333334,0.4510548978043951,-0.2604166666666667,1.1933790872280834,-0.2604166666666667,0.4510548978043951
router_top2,40,3,0.7890625,0.0,0.4895833333333333,0.02255274489021976,2.6041666666666665,2.2552744890219754,1.8229166666666667,1.9661027175184245,0.78125,0.0
router_top2,60,3,0.78125,0.0,0.4921875,0.0390625,2.34375,3.90625,1.5625,4.133986423538423,0.0,0.0
router_top2,80,3,0.78125,0.0,0.5104166666666666,0.03157384284630766,0.5208333333333334,3.157384284630766,-0.2604166666666667,4.510548978043951,0.0,0.0
pdq_shuffle,0,3,0.78125,0.0,0.4791666666666667,0.011933790872280834,0.0,0.0,2.8645833333333335,1.6263015620829162,0.0,0.0
pdq_shuffle,20,3,0.78125,0.0,0.4791666666666667,0.011933790872280834,0.0,0.0,2.8645833333333335,1.6263015620829162,0.0,0.0
pdq_shuffle,40,3,0.78125,0.0,0.4791666666666667,0.011933790872280834,0.0,0.0,2.8645833333333335,1.6263015620829162,0.0,0.0
pdq_shuffle,60,3,0.78125,0.0,0.4791666666666667,0.011933790872280834,0.0,0.0,2.8645833333333335,1.6263015620829162,0.0,0.0
pdq_shuffle,80,3,0.78125,0.0,0.4791666666666667,0.011933790872280834,0.0,0.0,2.8645833333333335,1.6263015620829162,0.0,0.0
pdq_identity,0,3,0.7942708333333334,0.01626301562082916,0.4244791666666667,0.039322054350368486,0.0,0.0,8.333333333333334,2.7436598314720673,1.3020833333333333,1.6263015620829162
pdq_identity,20,3,0.7942708333333334,0.01626301562082916,0.4244791666666667,0.039322054350368486,0.0,0.0,8.333333333333334,2.7436598314720673,1.3020833333333333,1.6263015620829162
pdq_identity,40,3,0.7942708333333334,0.01626301562082916,0.4244791666666667,0.039322054350368486,0.0,0.0,8.333333333333334,2.7436598314720673,1.3020833333333333,1.6263015620829162
pdq_identity,60,3,0.7942708333333334,0.01626301562082916,0.4244791666666667,0.039322054350368486,0.0,0.0,8.333333333333334,2.7436598314720673,1.3020833333333333,1.6263015620829162
pdq_identity,80,3,0.7942708333333334,0.01626301562082916,0.4244791666666667,0.039322054350368486,0.0,0.0,8.333333333333334,2.7436598314720673,1.3020833333333333,1.6263015620829162
