seed,policy,episode,accuracy,parse_failures,accepted,selected_total
42,base,0,0.78125,0,0,0
43,base,0,0.78125,0,0,0
44,base,0,0.78125,0,0,0
42,base,20,0.78125,0,0,0
43,base,20,0.78125,0,0,0
44,base,20,0.78125,0,0,0
42,base,40,0.78125,0,0,0
43,base,40,0.78125,0,0,0
44,base,40,0.78125,0,0,0
42,base,60,0.78125,0,0,0
43,base,60,0.78125,0,0,0
44,base,60,0.78125,0,0,0
42,base,80,0.78125,0,0,0
43,base,80,0.78125,0,0,0
44,base,80,0.78125,0,0,0
42,router,0,0.78125,0,0,0
43,router,0,0.78125,0,0,0
44,router,0,0.78125,0,0,0
42,router,20,0.78125,0,3,4
43,router,20,0.78125,0,4,5
44,router,20,0.7734375,0,2,2
42,router,40,0.78125,0,4,6
43,router,40,0.78125,0,5,6
44,router,40,0.7734375,0,3,4
42,router,60,0.78125,0,4,6
43,router,60,0.7734375,0,7,8
44,router,60,0.78125,0,7,8
42,router,80,0.78125,0,7,11
43,router,80,0.7734375,0,7,8
44,router,80,0.78125,0,10,11
42,random,0,0.78125,0,0,0
43,random,0,0.78125,0,0,0
44,random,0,0.78125,0,0,0
42,random,20,0.78125,0,20,40
43,random,20,0.765625,0,20,40
44,random,20,0.78125,0,20,40
42,random,40,0.78125,0,40,80
43,random,40,0.78125,0,40,80
44,random,40,0.7890625,0,40,80
42,random,60,0.78125,0,60,120
43,random,60,0.7734375,0,60,120
44,random,60,0.7890625,0,60,120
42,random,80,0.78125,0,80,160
43,random,80,0.78125,0,80,160
44,random,80,0.78125,0,80,160
42,all,0,0.78125,0,0,0
43,all,0,0.78125,0,0,0
44,all,0,0.78125,0,0,0
42,all,20,0.78125,0,20,160
43,all,20,0.7734375,0,20,160
44,all,20,0.78125,0,20,160
42,all,40,0.765625,0,40,320
43,all,40,0.78125,0,40,320
44,all,40,0.78125,0,40,320
42,all,60,0.765625,0,60,480
43,all,60,0.7890625,0,60,480
44,all,60,0.78125,0,60,480
42,all,80,0.7734375,0,80,640
43,all,80,0.78125,0,80,640
44,all,80,0.765625,0,80,640
42,pdq,0,0.78125,0,0,0
43,pdq,0,0.78125,0,0,0
44,pdq,0,0.78125,0,0,0
42,pdq,20,0.59375,1,20,0
43,pdq,20,0.6953125,0,20,0
44,pdq,20,0.6484375,0,20,0
42,pdq,40,0.53125,1,40,0
43,pdq,40,0.5703125,4,40,0
44,pdq,40,0.5546875,4,40,0
42,pdq,60,0.5390625,1,60,0
43,pdq,60,0.4765625,12,60,0
44,pdq,60,0.5234375,11,60,0
42,pdq,80,0.5234375,3,80,0
43,pdq,80,0.5390625,9,80,0
44,pdq,80,0.515625,12,80,0
42,router_top2,0,0.78125,0,0,0
43,router_top2,0,0.78125,0,0,0
44,router_top2,0,0.78125,0,0,0
42,router_top2,20,0.7734375,0,20,40
43,router_top2,20,0.78125,0,20,40
44,router_top2,20,0.78125,0,20,40
42,router_top2,40,0.7890625,0,40,80
43,router_top2,40,0.7890625,0,40,80
44,router_top2,40,0.7890625,0,40,80
42,router_top2,60,0.78125,0,60,120
43,router_top2,60,0.78125,0,60,120
44,router_top2,60,0.78125,0,60,120
42,router_top2,80,0.78125,0,80,160
43,router_top2,80,0.78125,0,80,160
44,router_top2,80,0.78125,0,80,160
42,pdq_shuffle,0,0.78125,0,0,0
43,pdq_shuffle,0,0.78125,0,0,0
44,pdq_shuffle,0,0.78125,0,0,0
42,pdq_shuffle,20,0.7109375,0,20,0
43,pdq_shuffle,20,0.6796875,0,20,0
44,pdq_shuffle,20,0.703125,0,20,0
42,pdq_shuffle,40,0.671875,0,40,0
43,pdq_shuffle,40,0.671875,0,40,0
44,pdq_shuffle,40,0.6640625,0,40,0
42,pdq_shuffle,60,0.6796875,0,60,0
43,pdq_shuffle,60,0.671875,0,60,0
44,pdq_shuffle,60,0.71875,0,60,0
42,pdq_shuffle,80,0.609375,0,80,0
43,pdq_shuffle,80,0.6953125,0,80,0
44,pdq_shuffle,80,0.703125,0,80,0
42,pdq_identity,0,0.78125,0,0,0
43,pdq_identity,0,0.78125,0,0,0
44,pdq_identity,0,0.78125,0,0,0
42,pdq_identity,20,0.5625,0,20,0
43,pdq_identity,20,0.640625,0,20,0
44,pdq_identity,20,0.6328125,2,20,0
42,pdq_identity,40,0.5,2,40,0
43,pdq_identity,40,0.5078125,11,40,0
44,pdq_identity,40,0.609375,4,40,0
42,pdq_identity,60,0.4765625,3,60,0
43,pdq_identity,60,0.515625,15,60,0
44,pdq_identity,60,0.5546875,11,60,0
42,pdq_identity,80,0.46875,4,80,0
43,pdq_identity,80,0.46875,20,80,0
44,pdq_identity,80,0.53125,8,80,0
