policy,episode,n_seeds,mean_accuracy,std_accuracy
base,0,3,0.78125,0.0
base,20,3,0.78125,0.0
base,40,3,0.78125,0.0
base,60,3,0.78125,0.0
base,80,3,0.78125,0.0
base,100,3,0.78125,0.0
base,120,3,0.78125,0.0
base,140,3,0.78125,0.0
base,160,3,0.78125,0.0
base,180,3,0.78125,0.0
base,200,3,0.78125,0.0
router,0,3,0.78125,0.0
router,20,3,0.7760416666666666,0.004510548978043951
router,40,3,0.7786458333333334,0.004510548978043951
router,60,3,0.7760416666666666,0.004510548978043951
router,80,3,0.7734375,0.0
router,100,3,0.7786458333333334,0.004510548978043951
router,120,3,0.7734375,0.0
router,140,3,0.7734375,0.0
router,160,3,0.7734375,0.0
router,180,3,0.7734375,0.0
router,200,3,0.7760416666666666,0.004510548978043951
random,0,3,0.78125,0.0
random,20,3,0.7760416666666666,0.004510548978043951
random,40,3,0.7838541666666666,0.004510548978043951
random,60,3,0.7838541666666666,0.004510548978043951
random,80,3,0.78125,0.0
random,100,3,0.7838541666666666,0.004510548978043951
random,120,3,0.7786458333333334,0.004510548978043951
random,140,3,0.78125,0.0
random,160,3,0.7838541666666666,0.004510548978043951
random,180,3,0.7786458333333334,0.004510548978043951
random,200,3,0.7838541666666666,0.004510548978043951
all,0,3,0.78125,0.0
all,20,3,0.7760416666666666,0.004510548978043951
all,40,3,0.7786458333333334,0.011933790872280834
all,60,3,0.7708333333333334,0.019661027175184243
all,80,3,0.7682291666666666,0.009021097956087902
all,100,3,0.7760416666666666,0.004510548978043951
all,120,3,0.765625,0.013531646934131853
all,140,3,0.7395833333333334,0.018042195912175804
all,160,3,0.7421875,0.020669932117692115
all,180,3,0.7578125,0.020669932117692115
all,200,3,0.7421875,0.020669932117692115
pdq,0,3,0.7760416666666666,0.004510548978043951
pdq,20,3,0.7760416666666666,0.004510548978043951
pdq,40,3,0.7760416666666666,0.004510548978043951
pdq,60,3,0.7760416666666666,0.004510548978043951
pdq,80,3,0.7760416666666666,0.004510548978043951
pdq,100,3,0.7760416666666666,0.004510548978043951
pdq,120,3,0.7760416666666666,0.004510548978043951
pdq,140,3,0.7760416666666666,0.004510548978043951
pdq,160,3,0.7760416666666666,0.004510548978043951
pdq,180,3,0.7760416666666666,0.004510548978043951
pdq,200,3,0.7760416666666666,0.004510548978043951
