seed,policy,episode,accuracy,parse_failures,accepted,selected_total,gsm8k_accuracy,forgetting_pp,gsm8k_drop_vs_base_pp,target_delta_vs_base_pp,correct_to_wrong,wrong_to_correct
42,base,0,0.78125,0,0,0,0.4921875,0.0,0.0,0.0,0,0
43,base,0,0.78125,0,0,0,0.4921875,0.0,0.0,0.0,0,0
44,base,0,0.78125,0,0,0,0.4921875,0.0,0.0,0.0,0,0
42,base,20,0.78125,0,0,0,0.4921875,0.0,0.0,0.0,0,0
43,base,20,0.78125,0,0,0,0.4921875,0.0,0.0,0.0,0,0
44,base,20,0.78125,0,0,0,0.4921875,0.0,0.0,0.0,0,0
42,base,40,0.78125,0,0,0,0.4921875,0.0,0.0,0.0,0,0
43,base,40,0.78125,0,0,0,0.4921875,0.0,0.0,0.0,0,0
44,base,40,0.78125,0,0,0,0.4921875,0.0,0.0,0.0,0,0
42,base,60,0.78125,0,0,0,0.4921875,0.0,0.0,0.0,0,0
43,base,60,0.78125,0,0,0,0.4921875,0.0,0.0,0.0,0,0
44,base,60,0.78125,0,0,0,0.4921875,0.0,0.0,0.0,0,0
42,base,80,0.78125,0,0,0,0.4921875,0.0,0.0,0.0,0,0
43,base,80,0.78125,0,0,0,0.4921875,0.0,0.0,0.0,0,0
44,base,80,0.78125,0,0,0,0.4921875,0.0,0.0,0.0,0,0
42,base,100,0.78125,0,0,0,0.4921875,0.0,0.0,0.0,0,0
43,base,100,0.78125,0,0,0,0.4921875,0.0,0.0,0.0,0,0
44,base,100,0.78125,0,0,0,0.4921875,0.0,0.0,0.0,0,0
42,base,120,0.78125,0,0,0,0.4921875,0.0,0.0,0.0,0,0
43,base,120,0.78125,0,0,0,0.4921875,0.0,0.0,0.0,0,0
44,base,120,0.78125,0,0,0,0.4921875,0.0,0.0,0.0,0,0
42,base,140,0.78125,0,0,0,0.4921875,0.0,0.0,0.0,0,0
43,base,140,0.78125,0,0,0,0.4921875,0.0,0.0,0.0,0,0
44,base,140,0.78125,0,0,0,0.4921875,0.0,0.0,0.0,0,0
42,base,160,0.78125,0,0,0,0.4921875,0.0,0.0,0.0,0,0
43,base,160,0.78125,0,0,0,0.4921875,0.0,0.0,0.0,0,0
44,base,160,0.78125,0,0,0,0.4921875,0.0,0.0,0.0,0,0
42,base,180,0.78125,0,0,0,0.4921875,0.0,0.0,0.0,0,0
43,base,180,0.78125,0,0,0,0.4921875,0.0,0.0,0.0,0,0
44,base,180,0.78125,0,0,0,0.4921875,0.0,0.0,0.0,0,0
42,base,200,0.78125,0,0,0,0.4921875,0.0,0.0,0.0,0,0
43,base,200,0.78125,0,0,0,0.4921875,0.0,0.0,0.0,0,0
44,base,200,0.78125,0,0,0,0.4921875,0.0,0.0,0.0,0,0
42,router,0,0.78125,0,0,0,0.4921875,0.0,0.0,0.0,0,0
43,router,0,0.78125,0,0,0,0.4921875,0.0,0.0,0.0,0,0
44,router,0,0.78125,0,0,0,0.4921875,0.0,0.0,0.0,0,0
42,router,20,0.7734375,0,3,4,0.5234375,-3.125,-3.125,-0.78125,6,10
43,router,20,0.7734375,0,4,5,0.484375,0.78125,0.78125,-0.78125,7,6
44,router,20,0.78125,0,2,2,0.4921875,0.0,0.0,0.0,7,7
42,router,40,0.78125,0,4,6,0.5078125,-1.5625,-1.5625,0.0,6,8
43,router,40,0.7734375,0,5,6,0.484375,0.78125,0.78125,-0.78125,7,6
44,router,40,0.78125,0,3,4,0.484375,0.78125,0.78125,0.0,5,4
42,router,60,0.78125,0,4,6,0.5078125,-1.5625,-1.5625,0.0,6,8
43,router,60,0.7734375,0,7,8,0.46875,2.34375,2.34375,-0.78125,8,5
44,router,60,0.7734375,0,7,8,0.5,-0.78125,-0.78125,-0.78125,5,6
42,router,80,0.7734375,0,7,11,0.453125,3.90625,3.90625,-0.78125,10,5
43,router,80,0.7734375,0,8,9,0.515625,-2.34375,-2.34375,-0.78125,4,7
44,router,80,0.7734375,0,10,11,0.4921875,0.0,0.0,-0.78125,5,5
42,router,100,0.78125,0,11,17,0.515625,-2.34375,-2.34375,0.0,5,8
43,router,100,0.78125,0,10,11,0.484375,0.78125,0.78125,0.0,7,6
44,router,100,0.7734375,0,11,12,0.484375,0.78125,0.78125,-0.78125,4,3
42,router,120,0.7734375,0,12,18,0.4765625,1.5625,1.5625,-0.78125,10,8
43,router,120,0.7734375,0,11,12,0.4921875,0.0,0.0,-0.78125,7,7
44,router,120,0.7734375,0,13,15,0.4765625,1.5625,1.5625,-0.78125,6,4
42,router,140,0.7734375,0,14,21,0.4921875,0.0,0.0,-0.78125,6,6
43,router,140,0.7734375,0,11,12,0.4921875,0.0,0.0,-0.78125,7,7
44,router,140,0.7734375,0,19,22,0.4765625,1.5625,1.5625,-0.78125,10,8
42,router,160,0.7734375,0,15,22,0.4375,5.46875,5.46875,-0.78125,10,3
43,router,160,0.7734375,0,12,13,0.4375,5.46875,5.46875,-0.78125,9,2
44,router,160,0.7734375,0,23,29,0.53125,-3.90625,-3.90625,-0.78125,4,9
42,router,180,0.7734375,0,17,25,0.4453125,4.6875,4.6875,-0.78125,9,3
43,router,180,0.7734375,0,14,15,0.515625,-2.34375,-2.34375,-0.78125,4,7
44,router,180,0.7734375,0,24,30,0.5078125,-1.5625,-1.5625,-0.78125,6,8
42,router,200,0.7734375,0,18,26,0.5078125,-1.5625,-1.5625,-0.78125,3,5
43,router,200,0.7734375,0,18,19,0.4921875,0.0,0.0,-0.78125,4,4
44,router,200,0.78125,0,25,32,0.515625,-2.34375,-2.34375,0.0,5,8
42,random,0,0.78125,0,0,0,0.4921875,0.0,0.0,0.0,0,0
43,random,0,0.78125,0,0,0,0.4921875,0.0,0.0,0.0,0,0
44,random,0,0.78125,0,0,0,0.4921875,0.0,0.0,0.0,0,0
42,random,20,0.78125,0,20,40,0.4765625,1.5625,1.5625,0.0,9,7
43,random,20,0.7734375,0,20,40,0.46875,2.34375,2.34375,-0.78125,8,5
44,random,20,0.7734375,0,20,40,0.5,-0.78125,-0.78125,-0.78125,6,7
42,random,40,0.7890625,0,40,80,0.5078125,-1.5625,-1.5625,0.78125,5,7
43,random,40,0.78125,0,40,80,0.4765625,1.5625,1.5625,0.0,7,5
44,random,40,0.78125,0,40,80,0.5,-0.78125,-0.78125,0.0,5,6
42,random,60,0.78125,0,60,120,0.4765625,1.5625,1.5625,0.0,7,5
43,random,60,0.78125,0,60,120,0.4921875,0.0,0.0,0.0,9,9
44,random,60,0.7890625,0,60,120,0.453125,3.90625,3.90625,0.78125,10,5
42,random,80,0.78125,0,80,160,0.4609375,3.125,3.125,0.0,12,8
43,random,80,0.78125,0,80,160,0.53125,-3.90625,-3.90625,0.0,6,11
44,random,80,0.78125,0,80,160,0.5078125,-1.5625,-1.5625,0.0,7,9
42,random,100,0.78125,0,100,200,0.53125,-3.90625,-3.90625,0.0,6,11
43,random,100,0.78125,0,100,200,0.5,-0.78125,-0.78125,0.0,9,10
44,random,100,0.7890625,0,100,200,0.46875,2.34375,2.34375,0.78125,8,5
42,random,120,0.7734375,0,120,240,0.5,-0.78125,-0.78125,-0.78125,7,8
43,random,120,0.78125,0,120,240,0.5,-0.78125,-0.78125,0.0,8,9
44,random,120,0.78125,0,120,240,0.515625,-2.34375,-2.34375,0.0,8,11
42,random,140,0.78125,0,140,280,0.4765625,1.5625,1.5625,0.0,10,8
43,random,140,0.78125,0,140,280,0.4765625,1.5625,1.5625,0.0,10,8
44,random,140,0.78125,0,140,280,0.5078125,-1.5625,-1.5625,0.0,8,10
42,random,160,0.78125,0,160,320,0.46875,2.34375,2.34375,0.0,13,10
43,random,160,0.78125,0,160,320,0.4921875,0.0,0.0,0.0,8,8
44,random,160,0.7890625,0,160,320,0.4921875,0.0,0.0,0.78125,10,10
42,random,180,0.7734375,0,180,360,0.4453125,4.6875,4.6875,-0.78125,14,8
43,random,180,0.78125,0,180,360,0.515625,-2.34375,-2.34375,0.0,9,12
44,random,180,0.78125,0,180,360,0.4921875,0.0,0.0,0.0,9,9
42,random,200,0.7890625,0,200,400,0.4765625,1.5625,1.5625,0.78125,12,10
43,random,200,0.78125,0,200,400,0.53125,-3.90625,-3.90625,0.0,7,12
44,random,200,0.78125,0,200,400,0.4765625,1.5625,1.5625,0.0,10,8
42,all,0,0.78125,0,0,0,0.4921875,0.0,0.0,0.0,0,0
43,all,0,0.78125,0,0,0,0.4921875,0.0,0.0,0.0,0,0
44,all,0,0.78125,0,0,0,0.4921875,0.0,0.0,0.0,0,0
42,all,20,0.78125,0,20,160,0.46875,2.34375,2.34375,0.0,9,6
43,all,20,0.7734375,0,20,160,0.4921875,0.0,0.0,-0.78125,5,5
44,all,20,0.7734375,0,20,160,0.5234375,-3.125,-3.125,-0.78125,6,10
42,all,40,0.765625,0,40,320,0.4765625,1.5625,1.5625,-1.5625,10,8
43,all,40,0.78125,0,40,320,0.4921875,0.0,0.0,0.0,10,10
44,all,40,0.7890625,0,40,320,0.46875,2.34375,2.34375,0.78125,11,8
42,all,60,0.75,0,60,480,0.515625,-2.34375,-2.34375,-3.125,6,9
43,all,60,0.7734375,0,60,480,0.484375,0.78125,0.78125,-0.78125,9,8
44,all,60,0.7890625,0,60,480,0.484375,0.78125,0.78125,0.78125,12,11
42,all,80,0.7734375,0,80,640,0.5234375,-3.125,-3.125,-0.78125,8,12
43,all,80,0.7734375,0,80,640,0.4765625,1.5625,1.5625,-0.78125,12,10
44,all,80,0.7578125,0,80,640,0.4921875,0.0,0.0,-2.34375,11,11
42,all,100,0.78125,0,100,800,0.4921875,0.0,0.0,0.0,9,9
43,all,100,0.7734375,0,100,800,0.53125,-3.90625,-3.90625,-0.78125,9,14
44,all,100,0.7734375,0,100,800,0.4921875,0.0,0.0,-0.78125,9,9
42,all,120,0.7734375,0,120,960,0.5,-0.78125,-0.78125,-0.78125,12,13
43,all,120,0.7734375,0,120,960,0.5234375,-3.125,-3.125,-0.78125,11,15
44,all,120,0.75,0,120,960,0.4921875,0.0,0.0,-3.125,13,13
42,all,140,0.75,0,140,1120,0.5390625,-4.6875,-4.6875,-3.125,8,14
43,all,140,0.71875,0,140,1120,0.53125,-3.90625,-3.90625,-6.25,9,14
44,all,140,0.75,0,140,1120,0.5234375,-3.125,-3.125,-3.125,11,15
42,all,160,0.765625,0,160,1280,0.5390625,-4.6875,-4.6875,-1.5625,10,16
43,all,160,0.734375,0,160,1280,0.5234375,-3.125,-3.125,-4.6875,10,14
44,all,160,0.7265625,0,160,1280,0.5859375,-9.375,-9.375,-5.46875,7,19
42,all,180,0.7734375,0,180,1440,0.5234375,-3.125,-3.125,-0.78125,11,15
43,all,180,0.734375,0,180,1440,0.5078125,-1.5625,-1.5625,-4.6875,10,12
44,all,180,0.765625,0,180,1440,0.4921875,0.0,0.0,-1.5625,15,15
42,all,200,0.75,0,200,1600,0.546875,-5.46875,-5.46875,-3.125,9,16
43,all,200,0.71875,0,200,1600,0.4765625,1.5625,1.5625,-6.25,17,15
44,all,200,0.7578125,0,200,1600,0.53125,-3.90625,-3.90625,-2.34375,10,15
42,pdq,0,0.7734375,0,0,0,0.4140625,0.0,7.8125,-0.78125,0,0
43,pdq,0,0.78125,0,0,0,0.4453125,0.0,4.6875,0.0,0,0
44,pdq,0,0.7734375,0,0,0,0.4921875,0.0,0.0,-0.78125,0,0
42,pdq,20,0.7734375,0,0,0,0.4140625,0.0,7.8125,-0.78125,0,0
43,pdq,20,0.78125,0,0,0,0.4453125,0.0,4.6875,0.0,0,0
44,pdq,20,0.7734375,0,0,0,0.4921875,0.0,0.0,-0.78125,0,0
42,pdq,40,0.7734375,0,0,0,0.4140625,0.0,7.8125,-0.78125,0,0
43,pdq,40,0.78125,0,0,0,0.4453125,0.0,4.6875,0.0,0,0
44,pdq,40,0.7734375,0,0,0,0.4921875,0.0,0.0,-0.78125,0,0
42,pdq,60,0.7734375,0,0,0,0.4140625,0.0,7.8125,-0.78125,0,0
43,pdq,60,0.78125,0,0,0,0.4453125,0.0,4.6875,0.0,0,0
44,pdq,60,0.7734375,0,0,0,0.4921875,0.0,0.0,-0.78125,0,0
42,pdq,80,0.7734375,0,0,0,0.4140625,0.0,7.8125,-0.78125,0,0
43,pdq,80,0.78125,0,0,0,0.4453125,0.0,4.6875,0.0,0,0
44,pdq,80,0.7734375,0,0,0,0.4921875,0.0,0.0,-0.78125,0,0
42,pdq,100,0.7734375,0,0,0,0.4140625,0.0,7.8125,-0.78125,0,0
43,pdq,100,0.78125,0,0,0,0.4453125,0.0,4.6875,0.0,0,0
44,pdq,100,0.7734375,0,0,0,0.4921875,0.0,0.0,-0.78125,0,0
42,pdq,120,0.7734375,0,0,0,0.4140625,0.0,7.8125,-0.78125,0,0
43,pdq,120,0.78125,0,0,0,0.4453125,0.0,4.6875,0.0,0,0
44,pdq,120,0.7734375,0,0,0,0.4921875,0.0,0.0,-0.78125,0,0
42,pdq,140,0.7734375,0,0,0,0.4140625,0.0,7.8125,-0.78125,0,0
43,pdq,140,0.78125,0,0,0,0.4453125,0.0,4.6875,0.0,0,0
44,pdq,140,0.7734375,0,0,0,0.4921875,0.0,0.0,-0.78125,0,0
42,pdq,160,0.7734375,0,0,0,0.4140625,0.0,7.8125,-0.78125,0,0
43,pdq,160,0.78125,0,0,0,0.4453125,0.0,4.6875,0.0,0,0
44,pdq,160,0.7734375,0,0,0,0.4921875,0.0,0.0,-0.78125,0,0
42,pdq,180,0.7734375,0,0,0,0.4140625,0.0,7.8125,-0.78125,0,0
43,pdq,180,0.78125,0,0,0,0.4453125,0.0,4.6875,0.0,0,0
44,pdq,180,0.7734375,0,0,0,0.4921875,0.0,0.0,-0.78125,0,0
42,pdq,200,0.7734375,0,0,0,0.4140625,0.0,7.8125,-0.78125,0,0
43,pdq,200,0.78125,0,0,0,0.4453125,0.0,4.6875,0.0,0,0
44,pdq,200,0.7734375,0,0,0,0.4921875,0.0,0.0,-0.78125,0,0
